section_name,asset_role,desktop_asset_name,desktop_width,desktop_height_estimate,mobile_asset_name,mobile_width,mobile_height_estimate,top_seam_behavior,bottom_seam_behavior,coded_elements_not_baked,content_safe_zone_summary
Hero,page background slice,lwt-v456-final-desktop-hero-slice.png,1440,780,lwt-v456-final-mobile-hero-slice.png,390 or 430,760,starts clean with open hero field,major navy/cream/gold swoop continues into Story,"headline, copy, buttons, right media, nav/header","left hero copy zone and right media zone remain clean; mobile top copy stack stays clear"
Story,page background slice,lwt-v456-final-desktop-story-slice.png,1440,900,lwt-v456-final-mobile-story-slice.png,390 or 430,980,receives Hero swoop with matched geometry,settles into quiet coded Trust bar handoff,"story copy, timeline, right image/card","copy/timeline/right image zones stay free of busy linework; mobile story stack remains readable"
Trust background support,thin background support slice,lwt-v456-final-desktop-trust-support-slice.png,1440,180,lwt-v456-final-mobile-trust-support-slice.png,390 or 430,220,quiet handoff from Story,no dark wavy band into Practitioners,"trust stats, labels, icons, bar/card UI","coded trust bar area remains flat and high contrast"
Practitioners,page background slice,lwt-v456-final-desktop-practitioners-slice.png,1440,720,lwt-v456-final-mobile-practitioners-slice.png,390 or 430,960,light structured start from Trust,quiet handoff to Model,"section heading, practitioner cards, card content","card grid/stacks remain clean; linework stays at edges and corners"
Model,page background slice,lwt-v456-final-desktop-model-slice.png,1440,780,lwt-v456-final-mobile-model-slice.png,390 or 430,1080,light structured handoff from Practitioners,controlled transition into Technology/Catalog,"model heading, model rail, steps, labels","rail/steps stay readable; light background avoids washed-out contrast"
Technology/Catalog outer background,page background slice,lwt-v456-final-desktop-tech-catalog-outer-slice.png,1440,860,lwt-v456-final-mobile-tech-catalog-outer-slice.png,390 or 430,1180,receives Model transition,sets up Final CTA without a repeated giant wave,"feature card shells, text, buttons, product cards","outer background supports two-card layout; mobile card stack has clean gutters"
Technology card internal graphic with full human,internal card illustration,lwt-v456-final-desktop-technology-human.png,720,720,lwt-v456-final-mobile-technology-human.png,390 or 430,620,contained inside coded Technology card,does not cross card boundary,"card text, buttons, tags, card chrome","full-body bio-signal human stays behind/alongside coded Technology content without blocking text"
Catalog card internal graphic,internal card illustration,lwt-v456-final-desktop-catalog-card-art.png,720,520,lwt-v456-final-mobile-catalog-card-art.png,390 or 430,460,contained inside coded Catalog card,does not cross card boundary,"catalog card text, product cards, buttons, card chrome","product/catalog support linework frames coded content without becoming fake product UI"
Final CTA,page background slice,lwt-v456-final-desktop-final-cta-slice.png,1440,500,lwt-v456-final-mobile-final-cta-slice.png,390 or 430,640,quiet handoff from Technology/Catalog,clean footer handoff,"CTA heading, copy, buttons, footer","center/primary CTA copy zone remains clean; bottom edge does not fight coded footer"
